{
  "profiles": {
    "ini WRD": {
      "removeHiddenElements": true,
      "removeUnusedStyles": true,
      "removeUnusedFonts": true,
      "removeFrames": true,
      "blockScripts": true,
      "blockVideos": true,
      "blockAudios": true,
      "blockFonts": false,
      "blockStylesheets": false,
      "blockImages": false,
      "acceptHeaders": {
        "document": "text/html,application/xhtml+xml,application/xml;q=0.9,*/*;q=0.8",
        "script": "*/*",
        "audio": "audio/webm,audio/ogg,audio/wav,audio/*;q=0.9,application/ogg;q=0.7,video/*;q=0.6,*/*;q=0.5",
        "video": "video/webm,video/ogg,video/*;q=0.9,application/ogg;q=0.7,audio/*;q=0.6,*/*;q=0.5",
        "font": "application/font-woff2;q=1.0,application/font-woff;q=0.9,*/*;q=0.8",
        "stylesheet": "text/css,*/*;q=0.1",
        "image": "image/avif,image/webp,image/apng,image/svg+xml,image/*,*/*;q=0.8"
      },
      "saveRawPage": false,
      "insertMetaCSP": true,
      "saveToClipboard": false,
      "addProof": false,
      "woleetKey": "",
      "saveToGDrive": false,
      "saveToDropbox": false,
      "saveWithWebDAV": false,
      "webDAVURL": "",
      "webDAVUser": "",
      "webDAVPassword": "",
      "saveToGitHub": false,
      "githubToken": "",
      "githubUser": "",
      "githubRepository": "SingleFile-Archives",
      "githubBranch": "main",
      "saveWithCompanion": false,
      "compressHTML": true,
      "insertTextBody": false,
      "insertEmbeddedImage": false,
      "compressCSS": true,
      "moveStylesInHead": false,
      "loadDeferredImages": true,
      "loadDeferredImagesMaxIdleTime": 1500,
      "loadDeferredImagesKeepZoomLevel": false,
      "loadDeferredImagesDispatchScrollEvent": false,
      "loadDeferredImagesBeforeFrames": false,
      "contextMenuEnabled": true,
      "filenameTemplate": "%if-empty<{page-title}|No title> ({date-locale} {time-locale}).{filename-extension}",
      "filenameMaxLength": "192",
      "filenameMaxLengthUnit": "bytes",
      "filenameReplacementCharacter": "_",
      "replaceEmojisInFilename": false,
      "saveFilenameTemplateData": false,
      "shadowEnabled": true,
      "maxResourceSizeEnabled": false,
      "maxResourceSize": 10,
      "networkTimeout": 0,
      "confirmFilename": true,
      "filenameConflictAction": "prompt",
      "displayInfobar": true,
      "displayStats": false,
      "backgroundSave": true,
      "autoSaveDelay": 1,
      "autoSaveLoad": false,
      "autoSaveUnload": false,
      "autoSaveDiscard": false,
      "autoSaveRemove": false,
      "autoSaveLoadOrUnload": true,
      "autoSaveRepeat": false,
      "autoSaveRepeatDelay": 10,
      "autoSaveExternalSave": false,
      "removeAlternativeFonts": true,
      "removeAlternativeImages": true,
      "removeAlternativeMedias": false,
      "saveCreatedBookmarks": false,
      "passReferrerOnError": false,
      "replaceBookmarkURL": true,
      "allowedBookmarkFolders": [
        ""
      ],
      "ignoredBookmarkFolders": [
        ""
      ],
      "compressContent": false,
      "createRootDirectory": false,
      "preventAppendedData": false,
      "selfExtractingArchive": false,
      "extractDataFromPage": false,
      "password": "",
      "groupDuplicateImages": true,
      "infobarTemplate": "",
      "blockMixedContent": false,
      "saveOriginalURLs": false,
      "includeInfobar": false,
      "removeSavedDate": false,
      "confirmInfobarContent": false,
      "autoClose": false,
      "openEditor": false,
      "openSavedPage": false,
      "autoOpenEditor": false,
      "defaultEditorMode": "normal",
      "applySystemTheme": true,
      "warnUnsavedPage": true,
      "displayInfobarInEditor": false,
      "loadDeferredImagesBlockCookies": false,
      "loadDeferredImagesBlockStorage": false,
      "filenameReplacedCharacters": [
        "~",
        "+",
        "\\\\",
        "?",
        "%",
        "*",
        ":",
        "|",
        "\"",
        "<",
        ">",
        "\u0000-\u001f",
        ""
      ],
      "tabMenuEnabled": true,
      "browserActionMenuEnabled": true,
      "logsEnabled": true,
      "progressBarEnabled": true,
      "maxSizeDuplicateImages": 524288,
      "forceWebAuthFlow": false,
      "resolveFragmentIdentifierURLs": false,
      "userScriptEnabled": false,
      "saveFavicon": true,
      "includeBOM": false,
      "insertMetaNoIndex": false,
      "insertSingleFileComment": true,
      "delayBeforeProcessing": 0,
      "_migratedTemplateFormat": true
    },
    "__Default_Settings__": {
      "removeHiddenElements": true,
      "removeUnusedStyles": true,
      "removeUnusedFonts": true,
      "removeFrames": true,
      "blockScripts": true,
      "blockVideos": true,
      "blockAudios": true,
      "blockFonts": false,
      "blockStylesheets": false,
      "blockImages": false,
      "acceptHeaders": {
        "document": "text/html,application/xhtml+xml,application/xml;q=0.9,*/*;q=0.8",
        "script": "*/*",
        "audio": "audio/webm,audio/ogg,audio/wav,audio/*;q=0.9,application/ogg;q=0.7,video/*;q=0.6,*/*;q=0.5",
        "video": "video/webm,video/ogg,video/*;q=0.9,application/ogg;q=0.7,audio/*;q=0.6,*/*;q=0.5",
        "font": "application/font-woff2;q=1.0,application/font-woff;q=0.9,*/*;q=0.8",
        "stylesheet": "text/css,*/*;q=0.1",
        "image": "image/avif,image/webp,image/apng,image/svg+xml,image/*,*/*;q=0.8"
      },
      "saveRawPage": false,
      "insertMetaCSP": true,
      "saveToClipboard": false,
      "addProof": false,
      "woleetKey": "",
      "saveToGDrive": false,
      "saveToDropbox": false,
      "saveWithWebDAV": false,
      "webDAVURL": "",
      "webDAVUser": "",
      "webDAVPassword": "",
      "saveToGitHub": false,
      "githubToken": "",
      "githubUser": "",
      "githubRepository": "SingleFile-Archives",
      "githubBranch": "main",
      "saveWithCompanion": false,
      "compressHTML": true,
      "insertTextBody": false,
      "insertEmbeddedImage": false,
      "compressCSS": true,
      "moveStylesInHead": true,
      "loadDeferredImages": true,
      "loadDeferredImagesMaxIdleTime": 1500,
      "loadDeferredImagesKeepZoomLevel": false,
      "loadDeferredImagesDispatchScrollEvent": false,
      "loadDeferredImagesBeforeFrames": false,
      "contextMenuEnabled": true,
      "filenameTemplate": "%if-empty<{page-title}|No title> ({date-locale} {time-locale}).{filename-extension}",
      "filenameMaxLength": "192",
      "filenameMaxLengthUnit": "bytes",
      "filenameReplacementCharacter": "_",
      "replaceEmojisInFilename": false,
      "saveFilenameTemplateData": false,
      "shadowEnabled": true,
      "maxResourceSizeEnabled": false,
      "maxResourceSize": 10,
      "networkTimeout": 0,
      "confirmFilename": true,
      "filenameConflictAction": "prompt",
      "displayInfobar": true,
      "displayStats": false,
      "backgroundSave": true,
      "autoSaveDelay": 1,
      "autoSaveLoad": false,
      "autoSaveUnload": false,
      "autoSaveDiscard": false,
      "autoSaveRemove": false,
      "autoSaveLoadOrUnload": true,
      "autoSaveRepeat": false,
      "autoSaveRepeatDelay": 10,
      "autoSaveExternalSave": false,
      "removeAlternativeFonts": true,
      "removeAlternativeImages": true,
      "removeAlternativeMedias": false,
      "saveCreatedBookmarks": false,
      "passReferrerOnError": false,
      "replaceBookmarkURL": true,
      "allowedBookmarkFolders": [
        ""
      ],
      "ignoredBookmarkFolders": [
        ""
      ],
      "compressContent": false,
      "createRootDirectory": false,
      "preventAppendedData": false,
      "selfExtractingArchive": false,
      "extractDataFromPage": false,
      "password": "",
      "groupDuplicateImages": true,
      "infobarTemplate": "",
      "blockMixedContent": false,
      "saveOriginalURLs": true,
      "includeInfobar": true,
      "removeSavedDate": false,
      "confirmInfobarContent": false,
      "autoClose": false,
      "openEditor": false,
      "openSavedPage": false,
      "autoOpenEditor": false,
      "defaultEditorMode": "normal",
      "applySystemTheme": true,
      "warnUnsavedPage": true,
      "displayInfobarInEditor": false,
      "loadDeferredImagesBlockCookies": false,
      "loadDeferredImagesBlockStorage": false,
      "filenameReplacedCharacters": [
        "~",
        "+",
        "\\\\",
        "?",
        "%",
        "*",
        ":",
        "|",
        "\"",
        "<",
        ">",
        "\u0000-\u001f",
        ""
      ],
      "tabMenuEnabled": true,
      "browserActionMenuEnabled": true,
      "logsEnabled": true,
      "progressBarEnabled": true,
      "maxSizeDuplicateImages": 524288,
      "forceWebAuthFlow": false,
      "resolveFragmentIdentifierURLs": false,
      "userScriptEnabled": false,
      "saveFavicon": true,
      "includeBOM": false,
      "insertMetaNoIndex": false,
      "insertSingleFileComment": true,
      "delayBeforeProcessing": 0,
      "_migratedTemplateFormat": true
    }
  },
  "rules": [
    {
      "url": "file:",
      "profile": "ini WRD",
      "autoSaveProfile": "__Disabled_Settings__"
    }
  ],
  "maxParallelWorkers": 4,
  "processInForeground": false
}